volume,sectionIndex,pdfPageStart
1,1,2
1,2,3
1,3,4
1,4,5
1,5,6
1,6,7
1,7,8
1,8,9
1,9,10
1,10,11
1,11,12
1,12,13
1,13,14
1,14,15
1,15,16
1,16,18
1,17,20
1,18,22
1,19,23
1,20,25
1,21,27
1,22,29
1,23,30
1,24,32
1,25,34
1,26,35
1,27,36
1,28,38
1,29,40
1,30,42
1,31,43
1,32,44
1,33,45
1,34,47
1,35,48
1,36,49
1,37,50
1,38,52
1,39,53
1,40,55
1,41,56
1,42,58
1,43,60
1,44,61
1,45,63
1,46,64
1,47,65
1,48,66
1,49,67
1,50,68
1,51,69
1,52,71
1,53,73
1,54,75
1,55,77
1,56,78
1,57,79
1,58,81
1,59,83
1,60,84
1,61,86
1,62,87
1,63,89
1,64,90
1,65,91
1,66,92
1,67,94
1,68,96
1,69,98
1,70,100
1,71,101
1,72,102
1,73,104
1,74,107
1,75,108
1,76,110
1,77,111
1,78,112
1,79,113
1,80,114
1,81,115
1,82,117
1,83,118
1,84,120
1,85,123
1,86,124
1,87,125
1,88,126
1,89,127
1,90,130
1,91,131
1,92,132
1,93,133
1,94,134
1,95,135
1,96,136
1,97,137
1,98,139
1,99,140
1,100,141
1,101,143
1,102,144
1,103,145
1,104,147
1,105,148
1,106,150
1,107,151
1,108,152
1,109,153
1,110,154
1,111,155
1,112,157
1,113,159
1,114,161
1,115,162
1,116,164
1,117,165
1,118,167
2,1,1
2,2,3
2,3,4
2,4,5
2,5,6
2,6,7
2,7,8
2,8,9
2,9,10
2,10,11
2,11,12
2,12,13
2,13,14
2,14,16
2,15,18
2,16,20
2,17,22
2,18,23
2,19,24
2,20,26
2,21,28
2,22,29
2,23,32
2,24,34
2,25,36
2,26,38
2,27,40
2,28,42
2,29,44
2,30,47
2,31,50
2,32,57
2,33,59
2,34,61
2,35,63
2,36,64
2,37,65
2,38,66
2,39,68
2,40,69
2,41,70
2,42,71
2,43,72
2,44,73
2,45,74
2,46,76
2,47,78
2,48,79
2,49,80
2,50,83
2,51,85
2,52,86
2,53,89
2,54,91
2,55,92
2,56,94
2,57,96
2,58,97
2,59,99
2,60,101
2,61,104
2,62,106
2,63,108
2,64,110
2,65,112
2,66,113
2,67,114
2,68,116
2,69,118
2,70,120
2,71,121
2,72,123
2,73,125
2,74,128
2,75,130
2,76,132
2,77,134
2,78,136
2,79,141
2,80,145
2,81,147
2,82,149
2,83,150
2,84,152
2,85,154
2,86,156
2,87,158
2,88,159
2,89,161
2,90,163
2,91,171
2,92,173
2,93,174
2,94,176
2,95,178
2,96,179
2,97,181
2,98,184
2,99,187
2,100,188
2,101,190
2,102,192
2,103,194
2,104,196
2,105,198
2,106,200
2,107,201
2,108,203
2,109,206
2,110,210
2,111,212
2,112,214
2,113,216
2,114,218
